id,caption,media_type,media_url,permalink,timestamp,username,like_count,comments_count,thumbnail_url
17872182966204998,"üì∫ *Auf ins Quadrell!*

üóìÔ∏è Heute Abend ist es soweit: Im Quadrell auf RTL stellen sich die vier Kanzlerkandidierenden Robert Habeck, Olaf Scholz, Friedrich Merz und Alice Weidel gegeneinander.

‚ö°Wir sind schon gespannt, wie sich die Kandidierenden heute Abend schlagen werden und vor allem, wie zukunftsf√§hig die L√∂sungen der anderen Parteien im Vergleich zu unserer Zukunftsagenda sind. üöÄ

üî¥ Willst Du auch einschalten? Dann sei heute Abend ab 20:15 Uhr im RTL dabei!
Hier kommst Du zur Sendung, wenn es soweit ist: https://gruenlink.de/0ucef5p198",IMAGE,https://scontent-fra5-1.cdninstagram.com/v/t51.75761-15/480086539_18055117562026674_7995717347012257478_n.webp?stp=dst-jpg_e35_tt6&_nc_cat=102&ccb=1-7&_nc_sid=18de74&_nc_ohc=rVqdCtVb48wQ7kNvgFFcOGH&_nc_oc=Adhwx-XcTCGZhmzwevD-iKfIWoyzAxVVRZRj-zkTMrZB0j0LezuHDPRhn9MIH_KCanQ&_nc_zt=23&_nc_ht=scontent-fra5-1.cdninstagram.com&edm=ANo9K5cEAAAA&_nc_gid=AZuGacf1mstdYpFjZXEwqUI&oh=00_AYCQ486OwDXDQ5hR8LjP8U7kzSLx3TFRz24AaL5ox1mFPA&oe=67B7CE37,https://www.instagram.com/p/DGIdCzDtUuq/,2025-02-16T11:30:46+0000,gruene_rothenburg,7,0,
18090760243487787,"Unser Infostand 14.02., am Rathaus in Rothenburg üíöü§óüåª Abends haben wir am #Valentinstag unseren Infostand von 17-19 Uhr gehabt und uns √ºber gute Gespr√§che und Austausch gefreut. Viel Interesse gab es wirklich beim Infomaterial, einige haben @vogelbaschdi , unseren Direktkandidat von uns @gruene.ansbach.kv vermisst, aber meinten, sie w√ºrden ihm auf Instagram folgen. üòâ
Wir hatten auch bei der K√§lte Spa√ü und war ein sch√∂ner Abschluss zur #Bundestagswahl. Besucher aus N√ºrnberg im Wahlkreis von @rebecca.lenhard konnten wir begeistern doch uns Gr√ºne und Rebecca zu w√§hlen. 

#teambasti #Gr√ºne #zuversicht #Ehrlichkeit #RothenburgundUmland #Politik #teamrobert #teamhabeck #einmenscheinwort",IMAGE,https://scontent-fra5-2.cdninstagram.com/v/t51.75761-15/479492911_18054951398026674_6809715616864925805_n.webp?stp=dst-jpg_e35_tt6&_nc_cat=106&ccb=1-7&_nc_sid=18de74&_nc_ohc=MkxDV-RdHeIQ7kNvgG30JsP&_nc_oc=AdihO7sTufToBZRrFksUMhpKZPSTupPmnXgXLOOClCC93U3oMrAmc09MB8ryoOrfTUE&_nc_zt=23&_nc_ht=scontent-fra5-2.cdninstagram.com&edm=ANo9K5cEAAAA&_nc_gid=AZuGacf1mstdYpFjZXEwqUI&oh=00_AYB2RfSz_-i2O7L8Wa380on2TyrIhDjyQsjdRBr4BSUkFw&oe=67B7D4CC,https://www.instagram.com/p/DGEJ6drtjNg/,2025-02-14T19:26:39+0000,gruene_rothenburg,22,1,
18013218398682985,"Danke Rothenburg! Ein ganz deutliches und starkes Zeichen f√ºr unsere Kliniken üè• in Rothenburg und Dinkelsb√ºhl! F√ºr alle, die im Gesundheitswesen ihr Bestes geben und Leben retten, Hilfe leisten und f√ºr uns da sind. Gegen die Schlie√üung! So viele Menschen waren auf dem Marktplatz und haben @michaela_ebner_spd und unserem OB @drmarkusnaser in diesem Punkt den R√ºcken gest√§rkt. 
.
Danke @mediroth ü§ó
- - - 

Lasst uns nicht im Regen stehen, wir brauchen unsere Krankenh√§user als Schutz und Schirm! 
 ROT: am Marktplatz Alle bitte Regenschirme mitbringen!

#RothenburgundUmland #anregiomed #Rothenburg #Ansbach #mediroth #Klinik",IMAGE,https://scontent-fra3-1.cdninstagram.com/v/t51.75761-15/476774138_18054471650026674_263008312984759987_n.webp?stp=dst-jpg_e35_tt6&_nc_cat=103&ccb=1-7&_nc_sid=18de74&_nc_ohc=BgRC6gFkHZkQ7kNvgHK5ocJ&_nc_oc=AdjEvvMJr8f98Jl1Jsc8ATeCnDTMPA-RnCKuokGdaRDux7HMVoFcDZ5swE8SGoXWyBU&_nc_zt=23&_nc_ht=scontent-fra3-1.cdninstagram.com&edm=ANo9K5cEAAAA&_nc_gid=AZuGacf1mstdYpFjZXEwqUI&oh=00_AYDFwJRRFotqOJxTeZyTyXJ-nmUpJd4Tf3jf2Puv6x00hg&oe=67B7FBBF,https://www.instagram.com/p/DF3XgcTNVDS/,2025-02-09T20:15:18+0000,gruene_rothenburg,32,0,
18262693999283008,"Lasst uns nicht im Regen stehen, wir brauchen unsere Krankenh√§user als Schutz und Schirm! So, 09.02.15:00 ROT: am Marktplatz 
@mediroth",VIDEO,https://scontent-fra3-1.cdninstagram.com/o1/v/t16/f2/m86/AQNc2nhl7UG5eujErIIChwOtQOjG3XX7VHWiHYx6wQEi17BlqaWaByZfrx0rW9GEoEn5XUi1DdxtVriun0wLE1UCMEzRN2O4u517aUk.mp4?efg=eyJ4cHZfYXNzZXRfaWQiOjExNTU5MDYwMTYxMTQ5MTAsInZlbmNvZGVfdGFnIjoieHB2X3Byb2dyZXNzaXZlLklOU1RBR1JBTS5DTElQUy5DMy43MjAuZGFzaF9iYXNlbGluZV8xX3YxIn0&_nc_ht=scontent-fra3-1.cdninstagram.com&_nc_cat=111&vs=df65fd2c3b36a9fc&_nc_vs=HBksFQIYUmlnX3hwdl9yZWVsc19wZXJtYW5lbnRfc3JfcHJvZC80MTRENTVBMUYzNDI0MTIxOEZEMEUzQjM0OEI1RUNCMl92aWRlb19kYXNoaW5pdC5tcDQVAALIAQAVAhg6cGFzc3Rocm91Z2hfZXZlcnN0b3JlL0dEbk9heHlvQXdpZ2Joc0dBT1RyUW1aZy1LSUhicV9FQUFBRhUCAsgBACgAGAAbAogHdXNlX29pbAExEnByb2dyZXNzaXZlX3JlY2lwZQExFQAAJrzj3_fK0o0EFQIoAkMzLBdAQCR64UeuFBgSZGFzaF9iYXNlbGluZV8xX3YxEQB1_gcA&ccb=9-4&oh=00_AYAfDRJR-2lBtuPQDtUYjxkuDGGXXZuqcenFGhxMZqHqRg&oe=67B40779&_nc_sid=1d576d,https://www.instagram.com/reel/DF3QH7ANr8Y/,2025-02-09T19:11:14+0000,gruene_rothenburg,36,2,https://scontent-fra3-1.cdninstagram.com/v/t51.71878-15/477407150_1692121584747083_4858597914200411256_n.jpg?stp=dst-jpg_e35_tt6&_nc_cat=101&ccb=1-7&_nc_sid=18de74&_nc_ohc=KxiHiriQa9kQ7kNvgFmrKBf&_nc_oc=AdhfVIA_jn71k7BLw4OndsbSG4QEJmR40NUKsl_nnH2aHC5rG4jPTAwMrqtILC8LsAs&_nc_zt=23&_nc_ht=scontent-fra3-1.cdninstagram.com&edm=ANo9K5cEAAAA&_nc_gid=AZuGacf1mstdYpFjZXEwqUI&oh=00_AYBs6VnVNnc8j0VHNboEOCD6yMeaapFl6qMJ81on_YyI0w&oe=67B7F79B
17969999633832761,"Danke #Rothenburg! Sehr viele Menschen sind dem Aufruf von @mediroth f√ºr die Unterst√ºtzung zum Erhalt der @anregiomed Kliniken üè• hier und in Dinkelsb√ºhl gefolgt und haben deutlich gezeigt, wie sehr wir unsere Krankenh√§user als Schutz und Schirm brauchen. 

Danke @michaela_ebner_spd und @drmarkusnaser f√ºr eure Worte und wir Rothenburger stehen hier an eurer Seite f√ºr den Erhalt der Kliniken. 

#anregiomed #mediroth #RothenburgundUmland #vonganzemherzenrothenburg #Gesundheit #Klinik",VIDEO,https://scontent-fra3-1.cdninstagram.com/o1/v/t16/f2/m86/AQMD181tua1lZNgN9nYUqfKyy2NYaJgPaKbVd_724o0TkkMCndS-9h2htJPyHOpU_mkmkhv1gqSJKgTYa_T0Chsl-5T9_gl3UL8Fxv8.mp4?efg=eyJ4cHZfYXNzZXRfaWQiOjYwNzY4MDQxODc5ODQ1MCwidmVuY29kZV90YWciOiJ4cHZfcHJvZ3Jlc3NpdmUuSU5TVEFHUkFNLkNMSVBTLkMzLjcyMC5kYXNoX2Jhc2VsaW5lXzFfdjEifQ&_nc_ht=scontent-fra3-1.cdninstagram.com&_nc_cat=109&vs=ae15ee29bb40459a&_nc_vs=HBksFQIYUmlnX3hwdl9yZWVsc19wZXJtYW5lbnRfc3JfcHJvZC8yQjRFNjk1QTAxOEU4NkU3OEMzNTQ0NDA1NTE0OUNCM192aWRlb19kYXNoaW5pdC5tcDQVAALIAQAVAhg6cGFzc3Rocm91Z2hfZXZlcnN0b3JlL0dMZlBaeHhKVE5kTEsyNERBUGZVUXhCaWFlcEdicV9FQUFBRhUCAsgBACgAGAAbAogHdXNlX29pbAExEnByb2dyZXNzaXZlX3JlY2lwZQExFQAAJuTt_vfTq5QCFQIoAkMzLBdAV-zMzMzMzRgSZGFzaF9iYXNlbGluZV8xX3YxEQB1_gcA&ccb=9-4&oh=00_AYCJgDU5-kD1vI7f2-GTRbw8-UaA6zRZX7lCukeEfV0iow&oe=67B3D46F&_nc_sid=1d576d,https://www.instagram.com/reel/DF2-UcRtPbZ/,2025-02-09T16:37:45+0000,gruene_rothenburg,25,1,https://scontent-fra3-2.cdninstagram.com/v/t51.71878-15/476525838_2426823037663324_4710259343943110442_n.jpg?stp=dst-jpg_e35_tt6&_nc_cat=111&ccb=1-7&_nc_sid=18de74&_nc_ohc=Ydow9uFJ6bAQ7kNvgHFHICr&_nc_oc=Adir1ZuO_JPPYrQY_DlW8Dzt4cKwaA9HHIxxZDKhepx9kzmeDjlDtEZJscqAMWAMb-I&_nc_zt=23&_nc_ht=scontent-fra3-2.cdninstagram.com&edm=ANo9K5cEAAAA&_nc_gid=AZuGacf1mstdYpFjZXEwqUI&oh=00_AYBk4cC2360pN9vQzPf532f5dyMoFERj_KHAg7a3jBR73Q&oe=67B7DE4B
18047254988194439,Wir hatten heute einen Infostand mit unserem Kandidaten @vogelbaschdi!! Danke dass so viele bei uns vorbei geschaut haben!! Wir haben uns auch sehr √ºber die vielen Teilnehmer der Demo auf dem Marktplatz gefreut üòä,CAROUSEL_ALBUM,https://scontent-fra5-2.cdninstagram.com/v/t51.75761-15/477018533_18054335021026674_2803302054890281218_n.jpg?stp=dst-jpg_e35_tt6&_nc_cat=107&ccb=1-7&_nc_sid=18de74&_nc_ohc=rycp9iKnBfoQ7kNvgFrmeUw&_nc_oc=AdiZu-J3zk1OqEnM8H7mI7dQRaaWm5U7nNvxPDqFpIMQ7Ssdf0I49DfVJK51vjtwrWc&_nc_zt=23&_nc_ht=scontent-fra5-2.cdninstagram.com&edm=ANo9K5cEAAAA&_nc_gid=AZuGacf1mstdYpFjZXEwqUI&oh=00_AYDRmZjQ1Hw9qc2ZDl1flmaTaJ6jROyvCo2C62WrXVfmqQ&oe=67B7EE84,https://www.instagram.com/p/DF0CqBeghfa/,2025-02-08T13:15:23+0000,gruene_rothenburg,72,2,
17953467725876467,"Komm zur Wahlparty ü•≥üéâ von uns am Abend der #Bundestagswahl in die @die.molkerei am 23.02.2025 ab 17 Uhr. 

üïî Wichtig, zuerst w√§hlen gehen, dann zu uns ab 17 Uhr in die Molkerei und gemeinsam √ºber die Wahl austauschen. üçªüçæ

#btw2025 #btw25 #rothenburgobdertauber #Politik #wahlparty #Demokratie #Gr√ºnen",IMAGE,https://scontent-fra5-1.cdninstagram.com/v/t51.75761-15/476035653_18053812604026674_7809993750277302000_n.webp?stp=dst-jpg_e35_tt6&_nc_cat=100&ccb=1-7&_nc_sid=18de74&_nc_ohc=rj5IM098xQ4Q7kNvgFODO4G&_nc_oc=Adis8ni0jli4iWPNUbNK8Fozk5AucBgrs0tz9IIMD3qPNFgCTbXbItDFNotM6t5WKLE&_nc_zt=23&_nc_ht=scontent-fra5-1.cdninstagram.com&edm=ANo9K5cEAAAA&_nc_gid=AZuGacf1mstdYpFjZXEwqUI&oh=00_AYA4Kb0UyFUw-KCjKljLsWKZrEYgpHBkLgu1KMSwbPE5Qw&oe=67B7F97A,https://www.instagram.com/p/DFld6cjNN1p/,2025-02-02T21:24:57+0000,gruene_rothenburg,26,0,
17955753965864637,Wir waren heute auf der Demo in Ansbach!! #demokratieverteidigen #gegenrechtehetze #gegenrechtsextremismus,IMAGE,https://scontent-fra5-1.cdninstagram.com/v/t51.75761-15/475647298_18053691131026674_145178361716938581_n.jpg?stp=dst-jpg_e35_tt6&_nc_cat=110&ccb=1-7&_nc_sid=18de74&_nc_ohc=3P7zAidKLDcQ7kNvgEF2yc4&_nc_oc=Adj3cHF_gtoilkDN6nEcCqgXs2gnq_vggkb3GL0PaULMza--NdEJxu6neZIYsJKojkI&_nc_zt=23&_nc_ht=scontent-fra5-1.cdninstagram.com&edm=ANo9K5cEAAAA&_nc_gid=AZuGacf1mstdYpFjZXEwqUI&oh=00_AYBlWW5vL0_b9wadBLZq09lI7yohSjF5FUuRc0XubJ4NmQ&oe=67B7EE4D,https://www.instagram.com/p/DFiW2HzIIiM/,2025-02-01T16:25:28+0000,gruene_rothenburg,68,4,
18065893156852313,"*üó≥Ô∏è Wenn Du am 24. Februar aufwachst, was willst Du getan haben?* 

Gerade jetzt, wo der Wahltag immer n√§her r√ºckt, liegt es in unserer Hand, zu entscheiden, in welcher Realit√§t wir am 24. Februar aufwachen. Und wir wollen alles gegeben haben!

*F√ºr die letzten 24 Tage bis zur Wahl wollen wir noch einmal alle Kr√§fte b√ºndeln. Bist Du dabei? ü§ùüíö*
Dann lass uns wissen, welche Aktivit√§ten und Themen Dich interessieren und wie Du Dich einbringen m√∂chtest! F√ºlle dazu diese Umfrage aus und sei dabei, denn die letzten Wochen des Wahlkampfs laufen: https://dabeisein.gruene.de/forms/umfrage

Zusammen f√ºhren wir diesen Wahlkampf zum Erfolg!
Ein B√ºndnis. Ein Team! üå±",IMAGE,https://scontent-fra3-2.cdninstagram.com/v/t51.75761-15/475871032_18053558546026674_9039573315831003451_n.webp?stp=dst-jpg_e35_tt6&_nc_cat=104&ccb=1-7&_nc_sid=18de74&_nc_ohc=sZZbj9UaVP8Q7kNvgH7CF74&_nc_oc=Adh2hE_X-33BB-s78pfuzYAn7eX42BHoOWfkHm6weJOUMaewDchz84yPMe4jdkuMU6w&_nc_zt=23&_nc_ht=scontent-fra3-2.cdninstagram.com&edm=ANo9K5cEAAAA&_nc_gid=AZuGacf1mstdYpFjZXEwqUI&oh=00_AYA1TKRS3mvBzgrERvH4HsSp30Coyfwv_p5JNrNGqkLG6A&oe=67B7EC55,https://www.instagram.com/p/DFeoqv2t48L/,2025-01-31T05:44:15+0000,gruene_rothenburg,21,0,
18481600186017598,"Triff unseren Bundestagskandidaten Sebastian Amler @vogelbaschdi beim Infostand am 08.02.2025 in Rothenburg. 
Und w√§hle am 23. Februar Gr√ºn. üíöüíö

#btw25 #bundestagswahl2025 #rothenburgobdertauber #Gr√ºn #Ehrlichkeit #teambasti",IMAGE,https://scontent-fra5-1.cdninstagram.com/v/t51.75761-15/475333976_18053318915026674_7421117694825820083_n.webp?stp=dst-jpg_e35_tt6&_nc_cat=100&ccb=1-7&_nc_sid=18de74&_nc_ohc=lD1NX-aI6aYQ7kNvgHVvLXa&_nc_oc=AdhNj39jlI1B1BopDbbrwtcWxTg4B1l2f_ipWXOAD7oFjj50PASP6yZiQTjCM-jJPJE&_nc_zt=23&_nc_ht=scontent-fra5-1.cdninstagram.com&edm=ANo9K5cEAAAA&_nc_gid=AZuGacf1mstdYpFjZXEwqUI&oh=00_AYAq4SYXznEPm2kJrHOf1xFi7AQENkv7WMwWesCIjJV1wQ&oe=67B7D301,https://www.instagram.com/p/DFXSln7NJQv/,2025-01-28T09:16:37+0000,gruene_rothenburg,38,0,
18338912707155858,"Die st√§rkste Kraft im Land Zuversicht
Mit @robert.habeck und @abaerbock - und Dir! üíöüåª
Am 23.2. Gr√ºn w√§hlen. 

#btw25 #diegr√ºnen ##btw2025 #bundestagswahl2025 #zuversicht",IMAGE,https://scontent-fra3-1.cdninstagram.com/v/t51.75761-15/475135671_18053171204026674_2779141251221305054_n.webp?stp=dst-jpg_e35_tt6&_nc_cat=103&ccb=1-7&_nc_sid=18de74&_nc_ohc=7YhFyuzof2IQ7kNvgGAow8v&_nc_oc=AdhGFZqs_HuWGK5uKtTG8mPBT76FpH-QjH7SGiwrjWuS2BuXCFzoIvMf5mvJB7I6O2M&_nc_zt=23&_nc_ht=scontent-fra3-1.cdninstagram.com&edm=ANo9K5cEAAAA&_nc_gid=AZuGacf1mstdYpFjZXEwqUI&oh=00_AYB4Yue_ZpdZKUbMcmj0E9iGOJA7MNSNCLqw5sxm0mJCzw&oe=67B7F547,https://www.instagram.com/p/DFTDpSbtliL/,2025-01-26T17:49:05+0000,gruene_rothenburg,14,0,
17928443967004642,"Aufruf zur Teilnahme an einer bunten Kundgebung f√ºr Zusammenhalt und Demokratie, am Samstag 1.2.2025 in #Ansbach. Mach mit und teile den Beitrag. Wir sind viele.

#niewiederistjetzt #landkreisansbach #stadtansbach #Demokratie #Zusammen",IMAGE,https://scontent-fra3-2.cdninstagram.com/v/t51.75761-15/474664758_18052752494026674_8435890653352484461_n.webp?stp=dst-jpg_e35_tt6&_nc_cat=104&ccb=1-7&_nc_sid=18de74&_nc_ohc=nmQlBJ_JzgkQ7kNvgF3xDjr&_nc_oc=AdiMQ90sgHh4sjABEzXvf1JzWR-D4GmywkxZbHbDvgB8Tpzvza72FYl8ebAdon__sHo&_nc_zt=23&_nc_ht=scontent-fra3-2.cdninstagram.com&edm=ANo9K5cEAAAA&_nc_gid=AZuGacf1mstdYpFjZXEwqUI&oh=00_AYDw7QQ2IfCVV_fXLNVhPNdREoyJ01KIC3Oa4OLMnhJuxg&oe=67B7D119,https://www.instagram.com/p/DFIBIUPNw04/,2025-01-22T10:55:28+0000,gruene_rothenburg,49,0,
17868639798280679,Gute Laune beim Plakatieren üòäüíö #teamrobert #bundestagswahl2025 #gruene,IMAGE,https://scontent-fra3-2.cdninstagram.com/v/t51.75761-15/473733475_18052394288026674_4626534955691271407_n.jpg?stp=dst-jpg_e35_tt6&_nc_cat=111&ccb=1-7&_nc_sid=18de74&_nc_ohc=gUYWRckN6NEQ7kNvgG1mLtv&_nc_oc=AdhTq1QOQkjO5NkSpWaWaHRzrfmqwx6MUPTSDSE1WblvBEiLj8y-xycWPIsPfEqfJxM&_nc_zt=23&_nc_ht=scontent-fra3-2.cdninstagram.com&edm=ANo9K5cEAAAA&_nc_gid=AZuGacf1mstdYpFjZXEwqUI&oh=00_AYDV0c4kQNG-U7aI_26AHUGHDFzQ4mmAqymByoHcSupDMQ&oe=67B7E2B5,https://www.instagram.com/p/DE-Qt67oAhc/,2025-01-18T15:59:16+0000,gruene_rothenburg,39,4,
17867247876290825,"Unsere tollen Mitglieder waren auch heute wieder flei√üig! Wenn ihr zerst√∂rte Plakate seht, meldet euch bitte bei uns. Egal ob Vandalismus oder Wind und Wetter. Nur so k√∂nnen wir f√ºr Ersatz sorgen. #teamrobert",CAROUSEL_ALBUM,https://scontent-fra5-2.cdninstagram.com/v/t51.75761-15/473154311_18052044092026674_5533192558792740934_n.jpg?stp=dst-jpg_e35_tt6&_nc_cat=109&ccb=1-7&_nc_sid=18de74&_nc_ohc=ZopB73oEdV4Q7kNvgHclRJ9&_nc_oc=AdhodkmjuouVJdTugzf4Lt0F0VRKGVW1jWEYbxOexoKdJ9yyqK0_xSWgTCLJiVWMGdk&_nc_zt=23&_nc_ht=scontent-fra5-2.cdninstagram.com&edm=ANo9K5cEAAAA&_nc_gid=AZuGacf1mstdYpFjZXEwqUI&oh=00_AYBuCoTzmIDlSqb1kksWkULe7j23K_9TffCBRhjRSzuD0Q&oe=67B7D7F9,https://www.instagram.com/p/DE0kVMrASjn/,2025-01-14T21:38:15+0000,gruene_rothenburg,45,1,
17991040877610687,Vielen Dank an unsere flei√üigen Wahlkampfhelden üòä #plakate #wahlkampf #bundestagswahl2025 #gr√ºne,CAROUSEL_ALBUM,https://scontent-fra3-1.cdninstagram.com/v/t51.75761-15/472736303_18051632915026674_5282401171472658382_n.jpg?stp=dst-jpg_e35_tt6&_nc_cat=105&ccb=1-7&_nc_sid=18de74&_nc_ohc=_5e-IwAUZQgQ7kNvgEHdwbU&_nc_oc=AdjAwML-KRCb4a50-JVl-kFpqMqCeskoYb4R326RBE4OUlfQie8uYy-HLnmLjqIY0IE&_nc_zt=23&_nc_ht=scontent-fra3-1.cdninstagram.com&edm=ANo9K5cEAAAA&_nc_gid=AZuGacf1mstdYpFjZXEwqUI&oh=00_AYBUwZjzh5e1ONW6Crob_33d9u9ap6SGWpDjNd8XoKjA6g&oe=67B7DEFE,https://www.instagram.com/p/DEqB2-9gbbw/,2025-01-10T19:24:37+0000,gruene_rothenburg,43,4,
17974966466804085,"Stell dir vor, an der Tauber w√ºrde pl√∂tzlich dieses Prachtexemplar von Krokodil üêä an einem sonnigen Tag liegen. Schwer vorstellbar, oder? 
Deshalb setzen wir üíö Gr√ºne im Wahlkampf auf Fakten und Ehrlichkeit. Und nicht nur deshalb m√∂chten wir dich ermutigen, bei der Bundestagswahl am 23. Februar 2025 unseren Kandidaten Sebastian Amler @vogelbaschdi zu w√§hlen und beim Stimmzettel beide Stimmen Gr√ºn zu geben. 
üòä
F√ºr dich. F√ºr alle. Ein Mensch. Ein Wort. Ehrlichkeit. 
......

Das Foto links mit dem Krokodil ist tats√§chlich echt, der Standort ist aber im Australia Zoo im Bundesstaat Queensland. Credits: @alexschnapper 

#btw2025
#gruene #einmenscheinwort #landkreisansbach #rothenburgobdertauber #vonganzemherzenrothenburg #Politik #rothenburg #btw25 #Ehrlichkeit",CAROUSEL_ALBUM,https://scontent-fra5-2.cdninstagram.com/v/t51.75761-15/472931585_18051485126026674_7957760696483978044_n.webp?stp=dst-jpg_e35_tt6&_nc_cat=109&ccb=1-7&_nc_sid=18de74&_nc_ohc=dPvKqeakPQIQ7kNvgEHfHPB&_nc_oc=Adg__NFPEy8bOP85VjHz5TqnBeQk7O3YWNONiaBAhB1pjndo_7U5iEphrobEf_d4z0E&_nc_zt=23&_nc_ht=scontent-fra5-2.cdninstagram.com&edm=ANo9K5cEAAAA&_nc_gid=AZuGacf1mstdYpFjZXEwqUI&oh=00_AYAFnQJQam66E3o3tGx8ip0-m2TmjkHC_OIqowAGfIfP3A&oe=67B7CEAC,https://www.instagram.com/p/DEl_265zjcO/,2025-01-09T05:50:10+0000,gruene_rothenburg,15,0,
18384070450109534,,VIDEO,https://scontent-fra3-1.cdninstagram.com/o1/v/t16/f2/m86/AQN88Ip_xQiGWSVpYX6aitexyhoZwnaOUt3xMJAv4DAwM1RFThQSrE-OtfLr7T5zRNZdZBERKP8BTVgQVCLmjbbBpJTeQoKGg617SmM.mp4?efg=eyJ4cHZfYXNzZXRfaWQiOjEyNjY2NDEyMDExMTkzMTUsInZlbmNvZGVfdGFnIjoieHB2X3Byb2dyZXNzaXZlLklOU1RBR1JBTS5DTElQUy5DMy43MzAuZGFzaF9iYXNlbGluZV8xX3YxIn0&_nc_ht=scontent-fra3-1.cdninstagram.com&_nc_cat=103&vs=64fe1928c744c810&_nc_vs=HBkcFQIYUmlnX3hwdl9yZWVsc19wZXJtYW5lbnRfc3JfcHJvZC80MzRFRTQ5NjdFMURFOUEwMTBGRjdFRjU3QUYxRjJCOV92aWRlb19kYXNoaW5pdC5tcDQVAALIAQAoABgAGwKIB3VzZV9vaWwBMRJwcm9ncmVzc2l2ZV9yZWNpcGUBMRUAACamgc6tnIDABBUCKAJDMywXQBAAAAAAAAAYEmRhc2hfYmFzZWxpbmVfMV92MREAdf4HAA&ccb=9-4&oh=00_AYDNv6_ErPPG2KMnQBBEMtFLASqkxuVkvbiek3QXgnginQ&oe=67B3FDA5&_nc_sid=1d576d,https://www.instagram.com/reel/DEf6aPIADbh/,2025-01-06T21:07:41+0000,gruene_rothenburg,10,0,https://scontent-fra3-1.cdninstagram.com/v/t51.71878-15/472419914_1148848143264680_1734713491730614622_n.jpg?stp=dst-jpg_e35_tt6&_nc_cat=101&ccb=1-7&_nc_sid=18de74&_nc_ohc=N3Gp7VP9jsMQ7kNvgGy3oAq&_nc_oc=AdgDbbqZapu4I2isw3BzDw22mrvISFxg9dFsTNMxRRyT6EWiL3SBLRhNfJbj0PgdWx4&_nc_zt=23&_nc_ht=scontent-fra3-1.cdninstagram.com&edm=ANo9K5cEAAAA&_nc_gid=AZuGacf1mstdYpFjZXEwqUI&oh=00_AYBBgcRjfY95CGWB9qDNGyPO_uQZu85V3pwU5Tb5yG8xFA&oe=67B7E387
18261184714253291,"@sabine.stein_hoberg nutzt die Chance @vogelbaschdi bei der KMV zu interviewen 

@gruene.ansbach.kv @gruene.kv.wug",VIDEO,https://scontent-fra3-1.cdninstagram.com/o1/v/t16/f2/m86/AQN1cbtqLFP-N9Q9kIv-d6dJm2DuGZ2ZhG9CGKHOgvFe0E_Rd1H_6vf2ZiZVKNAFBJLgclYzYSQGzzigzQ0mzPp8Q_JsyETSSQEJx-M.mp4?efg=eyJ4cHZfYXNzZXRfaWQiOjU2ODc3MjYzMjQzODkxMiwidmVuY29kZV90YWciOiJ4cHZfcHJvZ3Jlc3NpdmUuSU5TVEFHUkFNLkNMSVBTLkMzLjcyMC5kYXNoX2Jhc2VsaW5lXzFfdjEifQ&_nc_ht=scontent-fra3-1.cdninstagram.com&_nc_cat=108&vs=f9ce0a36edf899d&_nc_vs=HBksFQIYUmlnX3hwdl9yZWVsc19wZXJtYW5lbnRfc3JfcHJvZC83QzRCMjgzMkE5QjM2RkU5OTg0RjU2NjY2MTgxRUY4MF92aWRlb19kYXNoaW5pdC5tcDQVAALIAQAVAhg6cGFzc3Rocm91Z2hfZXZlcnN0b3JlL0dPYTdBQnktUDNPZmJEMERBSXBHRmFTUmJHTUdicV9FQUFBRhUCAsgBACgAGAAbAogHdXNlX29pbAExEnByb2dyZXNzaXZlX3JlY2lwZQExFQAAJoCit6v20oICFQIoAkMzLBdAVp3S8an75xgSZGFzaF9iYXNlbGluZV8xX3YxEQB1_gcA&ccb=9-4&oh=00_AYAVOE9EC3wXgTzd3qbVqs5UEfUh9aGIogXsDSWV9zKL7A&oe=67B3DE34&_nc_sid=1d576d,https://www.instagram.com/reel/DDapEvOtJud/,2024-12-10T23:32:51+0000,gruene_rothenburg,20,1,https://scontent-fra5-1.cdninstagram.com/v/t51.71878-15/469830370_1087917292647363_7447353381683097213_n.jpg?stp=dst-jpg_e35_tt6&_nc_cat=102&ccb=1-7&_nc_sid=18de74&_nc_ohc=2BGJkqUDq8QQ7kNvgFWQqvy&_nc_oc=AdhK58dXE3QgUgiHenhF1yhbhagHylzGdb2mEtmcaQIzTKZw60ZOoNvpmQmM3E6QBak&_nc_zt=23&_nc_ht=scontent-fra5-1.cdninstagram.com&edm=ANo9K5cEAAAA&_nc_gid=AZuGacf1mstdYpFjZXEwqUI&oh=00_AYA6P5Omp6TJeaozvP5NZlHNl8nRqqkO97ue67VepfwODw&oe=67B7D207
17993308115733726,"""War geht gerade ab, wo brennt's?"" Unser gr√ºner Direktkandidat zur Bundestagswahl Sebastian Amler @vogelbaschdi vom Landkreis Ansbach und Wei√üenburg-Gunzenhausen gibt auf der Kreismitgliederversammlung in #rothenburgobdertauber Antworten. üåªüíö

@gruene.ansbach.kv
@gruene.kv.wug

#ansbach #diegr√ºnen #btw2025 #weissenburg #Gunzenhausen #Kandidat #bundestagswahl2025 #diegr√ºnen",VIDEO,https://scontent-fra3-1.cdninstagram.com/o1/v/t16/f2/m86/AQOHUC_r0Lg1H4JtvdDtGJdrXv_2F0KlItRXvFnWzrP3KaKgdH_7bNT8Y4p_GoRu4jpgs_D_qNhHlcvinNLQtwfTULIQFsvp7r6nPv0.mp4?efg=eyJ4cHZfYXNzZXRfaWQiOjEyNjQ0ODE0MjgwMzc2MzgsInZlbmNvZGVfdGFnIjoieHB2X3Byb2dyZXNzaXZlLklOU1RBR1JBTS5DTElQUy5DMy43MjAuZGFzaF9iYXNlbGluZV8xX3YxIn0&_nc_ht=scontent-fra3-1.cdninstagram.com&_nc_cat=108&vs=30537fba6d1ed31&_nc_vs=HBksFQIYUmlnX3hwdl9yZWVsc19wZXJtYW5lbnRfc3JfcHJvZC81OTRGRDlCNjdBQkE0RTdGREQ0QkExNDdDRkRGMjNBOV92aWRlb19kYXNoaW5pdC5tcDQVAALIAQAVAhg6cGFzc3Rocm91Z2hfZXZlcnN0b3JlL0dIbUQteHVhckVQLU9sTUJBRnFoc21ZMHpBNFpicV9FQUFBRhUCAsgBACgAGAAbAogHdXNlX29pbAExEnByb2dyZXNzaXZlX3JlY2lwZQExFQAAJoyAv-XAgr8EFQIoAkMzLBdAUTMzMzMzMxgSZGFzaF9iYXNlbGluZV8xX3YxEQB1_gcA&ccb=9-4&oh=00_AYADk3g54tZM-JuGif_RTJ1lgMx3oEKNVlMraWR_6kxxeA&oe=67B3F5C4&_nc_sid=1d576d,https://www.instagram.com/reel/DDahpN3tmEg/,2024-12-10T22:28:52+0000,gruene_rothenburg,24,1,https://scontent-fra3-2.cdninstagram.com/v/t51.75761-15/469915963_18048512417026674_2235594310624955562_n.jpg?stp=dst-jpg_e35_tt6&_nc_cat=111&ccb=1-7&_nc_sid=18de74&_nc_ohc=_sssM3T_4e8Q7kNvgFq9TbQ&_nc_oc=Adg7V6ABnDjhgbQ_DaJ4EqAOGKMYpitIBrNUoT-3KbzCmm1LrkMEoKH_8ttwLkPhIJQ&_nc_zt=23&_nc_ht=scontent-fra3-2.cdninstagram.com&edm=ANo9K5cEAAAA&_nc_gid=AZuGacf1mstdYpFjZXEwqUI&oh=00_AYAijtkgDLqO5RLKUezpfSHFdQmGpqFo7Oxh6Cj4ybu3NQ&oe=67B7FF6F
17964903713819466,"Kreismitgliederversammlung des Kreisverband Ansbach zu Gast bei uns in Rothenburg mit unseren Kreisvorsitzenden @franzi_wurzinger und @oliver_ruehl 

#diegr√ºnen
#Ansbach #Politik #Kreismitgliederversammlung #rothenburgobdertauber",IMAGE,https://scontent-fra5-1.cdninstagram.com/v/t51.29350-15/469745316_9595986180430899_72320264128784880_n.webp?stp=dst-jpg_e35_tt6&_nc_cat=100&ccb=1-7&_nc_sid=18de74&_nc_ohc=Pe_vU7Afb5AQ7kNvgGewrIt&_nc_oc=AdidRC7LwkDkD50QPY8Xe_dFOLZf8hA80wAwUOuYwklSNKTL2fv-SVpuIAa5Obccza4&_nc_zt=23&_nc_ht=scontent-fra5-1.cdninstagram.com&edm=ANo9K5cEAAAA&_nc_gid=AZuGacf1mstdYpFjZXEwqUI&oh=00_AYBBZ-9KSzidz6QbEQvhDdLZcZz49F1NbeZyGRC4RW5jTQ&oe=67B7F75B,https://www.instagram.com/p/DDaP5FqNtgb/,2024-12-10T19:48:00+0000,gruene_rothenburg,31,2,
17886205293150867,"So. Vor zwei Wochen fand die Aufstellungsversammlung von @gruene.ansbach.kv und @gruene.kv.wug statt und dort wurde @vogelbaschdi als Direktkandidat gew√§hlt.üíöüíöüíö Ein kleiner R√ºckblick ist auf unserer Website zu finden. 

#Ansbach #btw2025 #SebastianAmler #bundestagswahl2025 #gr√ºn #gr√ºnwirkt",IMAGE,https://scontent-fra5-1.cdninstagram.com/v/t51.29350-15/468797136_8515078951922853_4553882380749639617_n.webp?stp=dst-jpg_e35_tt6&_nc_cat=110&ccb=1-7&_nc_sid=18de74&_nc_ohc=yL97HROhSnwQ7kNvgG045Iv&_nc_oc=AdgmLh47-Zll0TYxUoeXrihjwOp9yf5QzwmnJli7IQCBw38B9ARZnUWURFTSTOCf7_o&_nc_zt=23&_nc_ht=scontent-fra5-1.cdninstagram.com&edm=ANo9K5cEAAAA&_nc_gid=AZuGacf1mstdYpFjZXEwqUI&oh=00_AYAgJkeiKWMRN7Tw4d8bmFRGKZuLw_rVUbVliO0sL2mS4g&oe=67B7CF8F,https://www.instagram.com/p/DC7fS8yN2Ru/,2024-11-28T21:06:09+0000,gruene_rothenburg,21,1,
18074457778599439,#resilienz #gruenefrauen #gruenefrauengesundheit Eine tolle Veranstaltung mit √ºberraschendem Accessoire!,IMAGE,https://scontent-fra3-1.cdninstagram.com/v/t51.29350-15/466915430_2703625463358575_1400691371945451655_n.jpg?stp=dst-jpg_e35_tt6&_nc_cat=108&ccb=1-7&_nc_sid=18de74&_nc_ohc=Vl6M4y2tG4oQ7kNvgFFF-Cd&_nc_oc=AdjZWAhubjBHoe13embVpZmYBKdvPCL8dZgYMXeZcVr-x6mcVkll0iuoZ-K51WY8PTE&_nc_zt=23&_nc_ht=scontent-fra3-1.cdninstagram.com&edm=ANo9K5cEAAAA&_nc_gid=AZuGacf1mstdYpFjZXEwqUI&oh=00_AYDyc7aQfCSl8kbF3VzV5VL1LZxz9qlsrFOlA67XmIqHNQ&oe=67B7CB89,https://www.instagram.com/p/DCU8vvTgRbZ/,2024-11-13T21:53:06+0000,gruene_rothenburg,13,1,
18024875345383949,"üç∑üçª Herzliche Einladung zum Gr√ºnen Stammtisch (Neu!), ab dem 5. November 2024, 19:30 Uhr, jeden ersten Dienstag im Monat in unserem neuen Wohnzimmer bei @landwehrbraeu_am_turm. Wir freuen uns auf Dich! Komm vorbei, lerne uns kennen, stelle Fragen und diskutier mit. üíöüåª
.
.
#gruenerothenburg #gruene #rothenburgobdertauber #Politik #Stammtisch #RothenburgundUmland",IMAGE,https://scontent-fra5-2.cdninstagram.com/v/t51.29350-15/462147223_1480492682608723_5641640727418152031_n.webp?stp=dst-jpg_e35_tt6&_nc_cat=107&ccb=1-7&_nc_sid=18de74&_nc_ohc=MjyyZya5fOkQ7kNvgG-d1vu&_nc_oc=Adhh3C-Ma37yRray9P3CAtGYYvbDi5qu_8snSFe8uWYCLLlJFQWKN5E-ZHoxBuGEC5s&_nc_zt=23&_nc_ht=scontent-fra5-2.cdninstagram.com&edm=ANo9K5cEAAAA&_nc_gid=AZuGacf1mstdYpFjZXEwqUI&oh=00_AYA3tyGUYh6F16E4I_1eQ1wKiUn2qWP4PnKL844Mq8V2jQ&oe=67B7DF08,https://www.instagram.com/p/DAx_JgltfbJ/,2024-10-06T11:29:17+0000,gruene_rothenburg,34,1,
17875144479089527,"Gr√ºnes Sommerfest, Sonntag, 15.09.2024 von 15-18 Uhr in #RothenburgObDerTauber - ""Unter den Linden"" üåª

Sei herzlich willkommen - und komm ins Gespr√§ch mit unseren einzigartigen G√§st*innen @ekin_deligoez und @martinstuempfig bei Kaffee, Kuchen, Politik. Musik: Trinity.

#vonganzemherzenrothenburg #visitrothenburg #politik #sommerfest #gruenerothenburg #mittelfranken #franken #rothenburgobdertauber",IMAGE,https://scontent-fra3-1.cdninstagram.com/v/t51.29350-15/458494202_1295827988051741_7875270778896494748_n.jpg?stp=dst-jpg_e35_tt6&_nc_cat=108&ccb=1-7&_nc_sid=18de74&_nc_ohc=UDtj5hCCmjoQ7kNvgEi6jNy&_nc_oc=AdgP-SEEBy5p3r1E50k5qdGzr9cwcEQeBFwPZcbgRxeGyEh94N2POCcOZWuE9lkeUU0&_nc_zt=23&_nc_ht=scontent-fra3-1.cdninstagram.com&edm=ANo9K5cEAAAA&_nc_gid=AZuGacf1mstdYpFjZXEwqUI&oh=00_AYDFysHRc6qKdIpyzcl_4HTolTjMCR2VubU6mjcmnmYwPg&oe=67B7D6EF,https://www.instagram.com/p/C_oNmhiA4Tl/,2024-09-07T19:51:47+0000,gruene_rothenburg,28,2,
18003834353554324,"Lasst uns weiterhin machen, was z√§hlt! Wir m√∂chten von ganzem Herzen Danke sagen! ü´∂üèº Danke an alle W√§hlerinnen und W√§hler, die uns ihr Vertrauen geschenkt haben und Danke an alle, die sich in den letzten Wochen mit voller Energie den Wahlkampf gest√ºrzt haben!

üíö Ihr habt gezeigt: Auch bei Gegenwind lassen wir uns nicht unterkriegen. Ein besonderes Dankesch√∂n geht an unsere engagierten Kandidat*innen und die vielen Ehrenamtlichen, die unerm√ºdlich im Einsatz waren. 

üíö Ihr habt alles gegeben und gezeigt, dass wir gemeinsam stark sind. Eure Leidenschaft und euer Einsatz machen Mut und zeigen, dass wir auf dem richtigen Weg sind. Gemeinsam schaffen wir das! 

#MachenWasZ√§hlt #Europawahl2024 #RechtsextremismusStoppen #Danke #gr√ºne #Wahl2024 #Demokratie #Europawahl
Grafik: @gruene_mittelfranken",IMAGE,https://scontent-fra3-2.cdninstagram.com/v/t51.29350-15/448142288_25687296164218934_775319660904413184_n.webp?stp=dst-jpg_e35_tt6&_nc_cat=111&ccb=1-7&_nc_sid=18de74&_nc_ohc=qAqX1GOYKmIQ7kNvgHozv4V&_nc_oc=AdgBGsVfKvzI2hyxe0KV05Ni-DzS_GysC6TAHmHFULSSlvRmF2gmhs11bPCtpfaeKlQ&_nc_zt=23&_nc_ht=scontent-fra3-2.cdninstagram.com&edm=ANo9K5cEAAAA&_nc_gid=AZuGacf1mstdYpFjZXEwqUI&oh=00_AYAIPXKmbPiM3n50TBipVkB3y6rFtTrgzMpQnE1eXhwsjQ&oe=67B7D23E,https://www.instagram.com/p/C8CleHeNwqP/,2024-06-10T15:35:01+0000,gruene_rothenburg,11,0,
